First Name,Last Name,First Name,Company,Company Name,Email,Email
John,Smith,J,TechCorp,Tech Corporation,john@tech.com,j.smith@tech.com
Jane,Doe,Jane,DataSys,Data Systems Inc,jane@data.com,jane.doe@data.com
Bob,Wilson,Robert,StartupCo,Startup Company,bob@startup.com,r.wilson@startup.com